name,window,hidden,lstm_layers,dropout,batch_size,learning_rate,weight_decay,lambda_voltage,loss_function,huber_delta,current_focus_weight,voltage_pca_components,current_pca_components,parameters,best_epoch,epochs_run,initial_val_current_r2_h5,best_val_current_r2_h5,best_val_current_mse_h5,best_val_voltage_r2_h5,best_val_voltage_mse_h5,best_val_total_loss
w102_hidden_224_vweight_010,102,224,1,0.2,32,0.0001,0.0001,0.1,huber,1.0,1.0,16,64,556080,5,13,0.931595771962385,0.9375976226790337,13.620348412842066,0.6448752263871221,9.691925027000142e-06,0.3014434239651897
w102_hidden_224,102,224,1,0.2,32,0.0001,0.0001,0.3,huber,1.0,1.0,16,64,556080,5,13,0.931595771962385,0.9372799329791386,13.689689431333804,0.6537350735973881,9.450125577080099e-06,0.3295544409515834
w102_hidden_224_learning_rate_5e5,102,224,1,0.2,32,5e-05,0.0001,0.3,huber,1.0,1.0,16,64,556080,9,17,0.931595771962385,0.9371908141818878,13.709141079184445,0.6558295883819355,9.392962907032456e-06,0.3294920219053136
w102_hidden_224_batch_64,102,224,1,0.2,64,0.0001,0.0001,0.3,huber,1.0,1.0,16,64,556080,8,16,0.931595771962385,0.9371313107956454,13.722128674964592,0.6450826834909527,9.686263189623288e-06,0.33095100404012323
w102_hidden_192_mse,102,192,1,0.2,32,0.0001,0.0001,0.3,mse,1.0,1.0,16,64,424592,6,14,0.931595771962385,0.9367967176529276,13.79515914873844,0.6491598403627393,9.574991035043314e-06,2.81428857959143
w102_hidden_224_mse,102,224,1,0.2,32,0.0001,0.0001,0.3,mse,1.0,1.0,16,64,556080,5,13,0.931595771962385,0.9367863844154868,13.797414548295622,0.6541808336144946,9.437960070793735e-06,2.8135774914580995
w102_hidden_192_learning_rate_5e5,102,192,1,0.2,32,5e-05,0.0001,0.3,huber,1.0,1.0,16,64,424592,9,17,0.931595771962385,0.9361612239533494,13.933866133536469,0.6390517247084728,9.850857734200135e-06,0.331493738559213
w102_hidden_192,102,192,1,0.2,32,0.0001,0.0001,0.3,huber,1.0,1.0,16,64,424592,5,13,0.931595771962385,0.9359850057838163,13.972328656420332,0.6383867286054586,9.869006545132391e-06,0.33145899347739644
w102_hidden_192_vweight_010,102,192,1,0.2,32,0.0001,0.0001,0.1,huber,1.0,1.0,16,64,424592,6,14,0.931595771962385,0.9359294529156178,13.984453986458695,0.6402385092814666,9.818468478481253e-06,0.30212807743856224
w102_hidden_192_batch_64,102,192,1,0.2,64,0.0001,0.0001,0.3,huber,1.0,1.0,16,64,424592,10,18,0.931595771962385,0.9359220357189661,13.986072912002564,0.6467519449717523,9.640706364742603e-06,0.3304367558200761
w102_hidden_192_current_only,102,192,1,0.2,32,0.0001,0.0001,0.0,huber,1.0,1.0,16,64,424592,6,14,0.931595771962385,0.935695579259291,14.03550077057994,0.6145381790260984,1.0519871738721556e-05,0.28768319245612267
w102_hidden_208,102,208,1,0.2,32,0.0001,0.0001,0.3,huber,1.0,1.0,16,64,488032,5,13,0.931595771962385,0.9354787887446252,14.082818877182849,0.6415014321733645,9.784001285841806e-06,0.33139908195722223
w102_mse,102,128,1,0.2,32,0.0001,0.0001,0.3,mse,1.0,1.0,16,64,216912,7,15,0.931595771962385,0.9352316397045286,14.136763232839371,0.6380073939993672,9.879359195343137e-06,2.8197627610499314
w102_hidden_160,102,160,1,0.2,32,0.0001,0.0001,0.3,huber,1.0,1.0,16,64,311536,5,13,0.931595771962385,0.9352041123337432,14.142771535681078,0.6294045706719462,1.0114144050991598e-05,0.3331254871174841
w102_layers_2,102,128,2,0.2,32,0.0001,0.0001,0.3,huber,1.0,1.0,16,64,349008,6,14,0.931595771962385,0.9351166337064802,14.16186518937108,0.6307264232955356,1.0078068571395412e-05,0.3335285827074901
w102_batch_64,102,128,1,0.2,64,0.0001,0.0001,0.3,huber,1.0,1.0,16,64,216912,11,19,0.931595771962385,0.9350529663166051,14.17576164764502,0.6322778838562897,1.0035726722627818e-05,0.3324090024032215
w102_hidden_256,102,256,1,0.2,32,0.0001,0.0001,0.3,huber,1.0,1.0,16,64,706000,5,13,0.931595771962385,0.9349407866613537,14.20024670823008,0.6449355022812269,9.690280001110636e-06,0.33169461506428105
w102_vweight_010,102,128,1,0.2,32,0.0001,0.0001,0.1,huber,1.0,1.0,16,64,216912,7,15,0.931595771962385,0.9349281853302687,14.20299715664587,0.6323814705125694,1.0032899676585718e-05,0.3030865891735152
refine_window_102,102,128,1,0.2,32,0.0001,0.0001,0.3,huber,1.0,1.0,16,64,216912,6,14,0.931595771962385,0.9349227108526551,14.204192051707196,0.6300400913392156,1.009679967200722e-05,0.33288668523920645
w102_learning_rate_5e5,102,128,1,0.2,32,5e-05,0.0001,0.3,huber,1.0,1.0,16,64,216912,11,19,0.931595771962385,0.9348841073673758,14.212617899279456,0.6309446706795936,1.0072112250009805e-05,0.33258399190288956
refine_window_101,101,128,1,0.2,32,0.0001,0.0001,0.3,huber,1.0,1.0,16,64,216912,6,14,0.9310066196756708,0.9347425395728272,14.243517406134352,0.6257387550818012,1.0214190041872608e-05,0.3329289694233696
w102_current_only,102,128,1,0.2,32,0.0001,0.0001,0.0,huber,1.0,1.0,16,64,216912,7,15,0.931595771962385,0.9347389111579998,14.2443093675348,0.6145381790260984,1.0519871738721556e-05,0.288578463662969
w102_hidden_192_layers_2,102,192,2,0.2,32,0.0001,0.0001,0.3,huber,1.0,1.0,16,64,721040,5,13,0.931595771962385,0.9346433725257709,14.265162250288789,0.6387704864550623,9.85853317750714e-06,0.3335025074458358
refine_window_104,104,128,1,0.2,32,0.0001,0.0001,0.3,huber,1.0,1.0,16,64,216912,6,14,0.9306971258470769,0.9346300440484266,14.268071410372682,0.6229764773410809,1.028957703471585e-05,0.3323940029828855
w102_hidden_240,102,240,1,0.2,32,0.0001,0.0001,0.3,huber,1.0,1.0,16,64,628736,3,11,0.931595771962385,0.9344879169031347,14.299093004755887,0.6227500698529292,1.0295756058438677e-05,0.3342618998324517
w78_hidden_192,78,192,1,0.2,32,0.0001,0.0001,0.3,huber,1.0,1.0,16,64,424592,4,12,0.9328739178872278,0.9342378776672389,14.353668193330261,0.619217614872255,1.0392162424251017e-05,0.3397599497053883
w102_vweight_100,102,128,1,0.2,32,0.0001,0.0001,1.0,huber,1.0,1.0,16,64,216912,7,15,0.931595771962385,0.9341277617973347,14.377702798713406,0.643592823916898,9.726923848595734e-06,0.4299291437215144
refine_window_103,103,128,1,0.2,32,0.0001,0.0001,0.3,huber,1.0,1.0,16,64,216912,5,13,0.9309113522950738,0.9337064177365568,14.469668091637377,0.6172502960397476,1.0445853712625206e-05,0.3340852414027299
w78_current_pca_128,78,128,1,0.2,32,0.0001,0.0001,0.3,huber,1.0,1.0,16,128,237456,4,12,0.9328739178872278,0.9336786535185493,14.475728090293012,0.6162370258804168,1.0473507481514435e-05,0.34017767705539664
w102_current_pca_128,102,128,1,0.2,32,0.0001,0.0001,0.3,huber,1.0,1.0,16,128,237456,4,12,0.931595771962385,0.9333931217948211,14.53805009991923,0.6187353203006984,1.0405325017164206e-05,0.3353180994491766
refine_window_100,100,128,1,0.2,32,0.0001,0.0001,0.3,huber,1.0,1.0,16,64,216912,6,14,0.9302689784188533,0.9333036647022459,14.557575586305887,0.6156057855808754,1.0490735042393769e-05,0.3341633695186955
w78_hidden_256,78,256,1,0.2,32,0.0001,0.0001,0.3,huber,1.0,1.0,16,64,706000,2,10,0.9328739178872278,0.9331509538794646,14.590907242918812,0.6132765234164665,1.0554304345194053e-05,0.34068287068074293
w102_hidden_192_pca_128,102,192,1,0.2,32,0.0001,0.0001,0.3,huber,1.0,1.0,16,128,449232,3,11,0.931595771962385,0.9330416980947452,14.614754120519995,0.6184406034951557,1.0413368311791215e-05,0.3351612477609427
w78_layers_2,78,128,2,0.2,32,0.0001,0.0001,0.3,huber,1.0,1.0,16,64,349008,2,10,0.9328739178872278,0.9329817878176945,14.627830526932273,0.6129221617736514,1.0563975443156802e-05,0.34075071522504974
refine_window_77,77,128,1,0.2,32,0.0001,0.0001,0.3,huber,1.0,1.0,16,64,216912,6,14,0.9327518609013195,0.9329157393328673,14.64224669846463,0.6136394000658468,1.0544400859036041e-05,0.3398103474980534
w78_vweight_100,78,128,1,0.2,32,0.0001,0.0001,1.0,huber,1.0,1.0,16,64,216912,1,9,0.9328739178872278,0.9328809613380096,14.649837569636508,0.6129407782451959,1.0563467369769973e-05,0.4475658376618187
w78_dropout_030,78,128,1,0.3,32,0.0001,0.0001,0.3,huber,1.0,1.0,16,64,216912,1,9,0.9328739178872278,0.9328780306830337,14.65047723343722,0.6129429605622954,1.0563407810833832e-05,0.340762984634626
w78_dropout_000,78,128,1,0.0,32,0.0001,0.0001,0.3,huber,1.0,1.0,16,64,216912,1,9,0.9328739178872278,0.9328771637690878,14.650666451708904,0.6129345520311031,1.0563637293145285e-05,0.34076515164705784
refine_window_78,78,128,1,0.2,32,0.0001,0.0001,0.3,huber,1.0,1.0,16,64,216912,1,9,0.9328739178872278,0.9328770272955176,14.650696239317256,0.6129384492801311,1.0563530930964448e-05,0.3407629191285313
w78_weight_decay_0,78,128,1,0.2,32,0.0001,0.0,0.3,huber,1.0,1.0,16,64,216912,1,9,0.9328739178872278,0.9328770272955176,14.650696239317256,0.6129384492801311,1.0563530930964448e-05,0.3407629191285313
w78_weight_decay_1e3,78,128,1,0.2,32,0.0001,0.001,0.3,huber,1.0,1.0,16,64,216912,1,9,0.9328739178872278,0.9328770266874387,14.650696372040507,0.6129384495905672,1.056353092249215e-05,0.3407629191285313
w78_batch_64,78,128,1,0.2,64,0.0001,0.0001,0.3,huber,1.0,1.0,16,64,216912,1,9,0.9328739178872278,0.9328762518482376,14.650865493480033,0.6129738015659745,1.0562566110283822e-05,0.34075469958900223
w78_learning_rate_5e5,78,128,1,0.2,32,5e-05,0.0001,0.3,huber,1.0,1.0,16,64,216912,1,9,0.9328739178872278,0.9328757552946196,14.650973874499696,0.6129923377695657,1.056206022759981e-05,0.3407543720585285
w78_vweight_010,78,128,1,0.2,32,0.0001,0.0001,0.1,huber,1.0,1.0,16,64,216912,1,9,0.9328739178872278,0.9328751928154139,14.651096644866572,0.6129379470350693,1.0563544638038259e-05,0.3102470589156198
w78_current_only,78,128,1,0.2,32,0.0001,0.0001,0.0,huber,1.0,1.0,16,64,216912,1,9,0.9328739178872278,0.932874122953699,14.651330159837247,0.6130332775353138,1.0560942915686547e-05,0.2949889024885574
w78_learning_rate_2e4,78,128,1,0.2,32,0.0002,0.0001,0.3,huber,1.0,1.0,16,64,216912,0,8,0.9328739178872278,0.9328739178872278,14.651374918977906,0.6130332775353138,1.0560942915686547e-05,0.34074822717373915
w78_mse,78,128,1,0.2,32,0.0001,0.0001,0.3,mse,1.0,1.0,16,64,216912,0,8,0.9328739178872278,0.9328739178872278,14.651374918977906,0.6130332775353138,1.0560942915686547e-05,2.8684975239309933
refine_window_105,105,128,1,0.2,32,0.0001,0.0001,0.3,huber,1.0,1.0,16,64,216912,6,14,0.929828782218783,0.9327410186877917,14.68038236192833,0.6097965458631882,1.0649278517789468e-05,0.33339740675274687
refine_window_79,79,128,1,0.2,32,0.0001,0.0001,0.3,huber,1.0,1.0,16,64,216912,1,9,0.932628489147728,0.9326417161913259,14.702056770151158,0.6128464074221966,1.0566042900989436e-05,0.34123077487001324
refine_window_76,76,128,1,0.2,32,0.0001,0.0001,0.3,huber,1.0,1.0,16,64,216912,1,9,0.9324367616596732,0.9324469024761396,14.744578077677458,0.5967304902251485,1.100587214642924e-05,0.3416051717087774
refine_window_66,66,128,1,0.2,32,0.0001,0.0001,0.3,huber,1.0,1.0,16,64,216912,0,8,0.9320881548597154,0.9320881548597154,14.822880663856855,0.6164286455230445,1.0468277873928476e-05,0.33604721002059407
refine_window_75,75,128,1,0.2,32,0.0001,0.0001,0.3,huber,1.0,1.0,16,64,216912,1,9,0.9320053194659186,0.932029111686501,14.835767810550701,0.5917921544433427,1.1140647255663353e-05,0.34181914648207107
refine_window_119,119,128,1,0.2,32,0.0001,0.0001,0.3,huber,1.0,1.0,16,64,216912,4,12,0.9311677527364024,0.9319412050584827,14.854954882467029,0.6023591437364382,1.0852257158436742e-05,0.3333512287918884
refine_window_120,120,128,1,0.2,32,0.0001,0.0001,0.3,huber,1.0,1.0,16,64,216912,4,12,0.9308748787617847,0.9317600345023781,14.89449834542841,0.6012090830208789,1.0883644161146523e-05,0.3336192912394457
refine_window_90,90,128,1,0.2,32,0.0001,0.0001,0.3,huber,1.0,1.0,16,64,216912,4,12,0.9277077107598521,0.9294613049388785,15.396233998875132,0.5825470602745213,1.1392960713381873e-05,0.34393531762727414
w60_hidden_192,60,192,1,0.2,32,0.0001,0.0001,0.3,huber,1.0,1.0,16,64,424592,4,12,0.9272082129530225,0.9289631673633756,15.504960743386507,0.5666926781670081,1.1825652246479296e-05,0.34235268359137055
w60_batch_64,60,128,1,0.2,64,0.0001,0.0001,0.3,huber,1.0,1.0,16,64,216912,9,17,0.9272082129530225,0.9282363478881681,15.663601085478703,0.5684473712229733,1.1777763856730615e-05,0.3424526807105187
w60_layers_2,60,128,2,0.2,32,0.0001,0.0001,0.3,huber,1.0,1.0,16,64,349008,4,12,0.9272082129530225,0.928172522115062,15.677532113505933,0.5627704919292573,1.1932695003793801e-05,0.342682689723402
w60_current_only,60,128,1,0.2,32,0.0001,0.0001,0.0,huber,1.0,1.0,16,64,216912,4,12,0.9272082129530225,0.9279783928747681,15.719904023093967,0.5600018646553564,1.2008255285588183e-05,0.2955338698212463
w60_vweight_010,60,128,1,0.2,32,0.0001,0.0001,0.1,huber,1.0,1.0,16,64,216912,4,12,0.9272082129530225,0.92793846071201,15.72861987644753,0.5620569622167606,1.1952168374822524e-05,0.3113730048189069
w60_learning_rate_5e5,60,128,1,0.2,32,5e-05,0.0001,0.3,huber,1.0,1.0,16,64,216912,9,17,0.9272082129530225,0.927926800138908,15.731164988912179,0.5656758960292417,1.1853401862896556e-05,0.34278272933299
w60_hidden_192_pca_128,60,192,1,0.2,32,0.0001,0.0001,0.3,huber,1.0,1.0,16,128,449232,3,11,0.9272082129530225,0.9278645231789668,15.74475796291265,0.5617650620834069,1.196013479794489e-05,0.34280901439119094
w60_dropout_030,60,128,1,0.3,32,0.0001,0.0001,0.3,huber,1.0,1.0,16,64,216912,5,13,0.9272082129530225,0.9278344028354173,15.751332224840983,0.5658324196312263,1.1849130082586898e-05,0.34267274548511695
w60_mse,60,128,1,0.2,32,0.0001,0.0001,0.3,mse,1.0,1.0,16,64,216912,5,13,0.9272082129530225,0.927779715148574,15.76326871477416,0.5648941270144836,1.1874737594004199e-05,2.6876938909587293
w60_dropout_010,60,128,1,0.1,32,0.0001,0.0001,0.3,huber,1.0,1.0,16,64,216912,5,13,0.9272082129530225,0.92775639112835,15.76835956700575,0.5658040051929875,1.184990555821e-05,0.342686785034614
window_60,60,128,1,0.2,32,0.0001,0.0001,0.3,huber,1.0,1.0,16,64,216912,5,13,0.9272082129530225,0.92774162997179,15.771581432965887,0.5657444930465121,1.1851529740200928e-05,0.34270546548437364
w60_current_pca_128,60,128,1,0.2,32,0.0001,0.0001,0.3,huber,1.0,1.0,16,128,237456,3,11,0.9272082129530225,0.9276540459535617,15.790698089972897,0.56101641724649,1.1980566517076823e-05,0.34303449817223125
w60_focus_weight_3,60,128,1,0.2,32,0.0001,0.0001,0.3,huber,1.0,3.0,16,64,216912,5,13,0.9272082129530225,0.9275949470577811,15.803597399036152,0.5653839006638399,1.1861370885054356e-05,0.3379204273223877
w60_learning_rate_2e4,60,128,1,0.2,32,0.0002,0.0001,0.3,huber,1.0,1.0,16,64,216912,2,10,0.9272082129530225,0.9275819288792304,15.806438831288792,0.5610547737103551,1.1979519707617997e-05,0.3430921792393864
w60_focus_weight_8,60,128,1,0.2,32,0.0001,0.0001,0.3,huber,1.0,8.0,16,64,216912,3,11,0.9272082129530225,0.9275217030425436,15.819584113797992,0.5603836939501576,1.199783455131871e-05,0.3297767760139881
w60_vweight_070,60,128,1,0.2,32,0.0001,0.0001,0.7,huber,1.0,1.0,16,64,216912,3,11,0.9272082129530225,0.927449159924922,15.83541784609118,0.5602552383893171,1.200134030973793e-05,0.40668656979456985
w60_vweight_100,60,128,1,0.2,32,0.0001,0.0001,1.0,huber,1.0,1.0,16,64,216912,3,11,0.9272082129530225,0.9273728424148875,15.852075401801372,0.560106020972281,1.2005412692534336e-05,0.4544534181604291
hidden_192_focus_3,30,192,1,0.2,32,0.0001,0.0001,0.3,huber,1.0,3.0,16,64,424592,3,11,0.9216437582896494,0.9222774692674748,16.964224658619543,0.5650522331065884,1.187042262499936e-05,0.3530331578585181
window_15,15,128,1,0.2,32,0.0001,0.0001,0.3,huber,1.0,1.0,16,64,216912,1,9,0.922113310725383,0.9221422679836507,16.99373456946918,0.5388111940071917,1.2586582697400203e-05,0.3609444965230356
current_pca_128,30,128,1,0.2,32,0.0001,0.0001,0.3,huber,1.0,1.0,16,128,237456,4,12,0.9216437582896494,0.9220482580608655,17.01425378616525,0.5658512263840151,1.1848616816119524e-05,0.358655572527706
baseline,30,128,1,0.2,32,0.0001,0.0001,1.0,huber,1.0,1.0,16,64,216912,3,11,0.9216437582896494,0.9217428340875162,17.080917607468972,0.5643717414829172,1.1888994333559775e-05,0.47284048028511577
learning_rate_2e4,30,128,1,0.2,32,0.0002,0.0001,0.3,huber,1.0,1.0,16,64,216912,1,9,0.9216437582896494,0.9217218523069339,17.08549722725466,0.5634991822550032,1.1912807875297583e-05,0.3585774603456554
mse_v030,30,128,1,0.2,32,0.0001,0.0001,0.3,mse,1.0,1.0,16,64,216912,2,10,0.9216437582896494,0.9217035665063202,17.089488404931824,0.5633035230993306,1.1918147727677727e-05,2.8199240830865238
mse_current_only,30,128,1,0.2,32,0.0001,0.0001,0.0,mse,1.0,1.0,16,64,216912,2,10,0.9216437582896494,0.9217006966818271,17.090114791476047,0.5632052841611176,1.1920828825969478e-05,2.7182977164145745
vweight_070,30,128,1,0.2,32,0.0001,0.0001,0.7,huber,1.0,1.0,16,64,216912,2,10,0.9216437582896494,0.9216865310714325,17.093206669659818,0.563488184119959,1.1913108032054322e-05,0.42412403255405995
dropout_030_focus_3,30,128,1,0.3,32,0.0001,0.0001,0.3,huber,1.0,3.0,16,64,216912,1,9,0.9216437582896494,0.9216832877426965,17.093914579667405,0.5633000330886014,1.1918242975671794e-05,0.35338008639836077
focus_weight_8,30,128,1,0.2,32,0.0001,0.0001,0.3,huber,1.0,8.0,16,64,216912,1,9,0.9216437582896494,0.9216819813707324,17.094199716902096,0.5632986462348292,1.1918280825137062e-05,0.34452321948391373
batch_64_focus_3,30,128,1,0.2,64,0.0001,0.0001,0.3,huber,1.0,3.0,16,64,216912,2,10,0.9216437582896494,0.9216803020109787,17.09456626487571,0.5633206233846868,1.1917681033375925e-05,0.35337778365257944
focus_weight_3,30,128,1,0.2,32,0.0001,0.0001,0.3,huber,1.0,3.0,16,64,216912,1,9,0.9216437582896494,0.9216795327596381,17.094734166672502,0.5632974177862398,1.1918314351470657e-05,0.3533817759834894
vweight_030,30,128,1,0.2,32,0.0001,0.0001,0.3,huber,1.0,1.0,16,64,216912,1,9,0.9216437582896494,0.9216761016019861,17.095483073439933,0.5632957064978041,1.1918361055278586e-05,0.3585785872275286
vweight_010,30,128,1,0.2,32,0.0001,0.0001,0.1,huber,1.0,1.0,16,64,216912,1,9,0.9216437582896494,0.9216719203084026,17.09639570975073,0.563290802736327,1.1918494886799553e-05,0.32574617331570915
huber_delta_050,30,128,1,0.2,32,0.0001,0.0001,0.3,huber,0.5,1.0,16,64,216912,1,9,0.9216437582896494,0.9216693320374256,17.096960642594745,0.5632777549500623,1.1918850981827677e-05,0.2292592293850266
current_only,30,128,1,0.2,32,0.0001,0.0001,0.0,huber,1.0,1.0,16,64,216912,1,9,0.9216437582896494,0.9216690727318004,17.09701724032567,0.5632052841611176,1.1920828825969478e-05,0.3093291934173886
learning_rate_5e5,30,128,1,0.2,32,5e-05,0.0001,0.3,huber,1.0,1.0,16,64,216912,2,10,0.9216437582896494,0.9216683751879583,17.097169490777837,0.5633036635109541,1.1918143895619172e-05,0.3585712405124513
huber_delta_200,30,128,1,0.2,32,0.0001,0.0001,0.3,huber,2.0,1.0,16,64,216912,1,9,0.9216437582896494,0.9216652069485741,17.097861011295482,0.5632838402103404,1.1918684905308187e-05,0.5121807441262916
refine_window_45,45,128,1,0.2,32,0.0001,0.0001,0.3,huber,1.0,1.0,16,64,216912,1,9,0.9216314136609419,0.9216462049079516,17.10200852017167,0.5422508010323895,1.2492710301308509e-05,0.3529416248940005
current_pca_32,30,128,1,0.2,32,0.0001,0.0001,0.3,huber,1.0,1.0,16,32,206640,0,8,0.9216437582896494,0.9216437582896494,17.102542534982323,0.5632052841611176,1.1920828825969478e-05,0.35857648778669904
hidden_64_focus_3,30,64,1,0.2,32,0.0001,0.0001,0.3,huber,1.0,3.0,16,64,82960,0,8,0.9216437582896494,0.9216437582896494,17.102542534982323,0.5632052841611176,1.1920828825969478e-05,0.35337621386688534
layers_2_focus_3,30,128,2,0.2,32,0.0001,0.0001,0.3,huber,1.0,3.0,16,64,349008,0,8,0.9216437582896494,0.9216437582896494,17.102542534982323,0.5632052841611176,1.1920828825969478e-05,0.35337621386688534
